"Id","OwnerId","IsDeleted","Name","CreatedDate","CreatedById","LastModifiedDate","LastModifiedById","SystemModstamp","LastActivityDate","Available__c","EmailAddress__c","PhoneNumber__c","Profession__c"
"a0007000002hTEOAA2","00507000004oSkMAAU","0","Franc Du bois","2023-11-22 14:58:42","00507000004oSkMAAU","2023-11-22 14:58:42","00507000004oSkMAAU","2023-11-22 14:58:42","","1","test@digitlearning.ds","0335246378","Professeur"
"a0007000002hTEPAA2","00507000004oSkMAAU","0","Francçoise marjorie","2023-11-22 14:58:42","00507000004oSkMAAU","2023-12-01 09:17:07","00507000004oSkMAAU","2023-12-01 09:17:07","","1","test1@digitlearning.ds","0335246379","Expert Informatique"
"a0007000002hTEQAA2","00507000004oSkMAAU","0","Christophe le noir","2023-11-22 14:58:42","00507000004oSkMAAU","2023-11-22 14:58:42","00507000004oSkMAAU","2023-11-22 14:58:42","","1","test2@digitlearning.ds","0335246380","Chef de projet"
"a0007000002hTERAA2","00507000004oSkMAAU","0","Liliane champs","2023-11-22 14:58:42","00507000004oSkMAAU","2023-11-22 14:58:42","00507000004oSkMAAU","2023-11-22 14:58:42","","1","test3@digitlearning.ds","0335246381","Developpeur"
"a0007000002hTESAA2","00507000004oSkMAAU","0","Sarah blanc","2023-11-22 14:58:42","00507000004oSkMAAU","2023-11-22 14:58:42","00507000004oSkMAAU","2023-11-22 14:58:42","","1","test4@digitlearning.ds","0335246382","Expert Informatique"
"a0007000002hTETAA2","00507000004oSkMAAU","0","Jacques dupont","2023-11-22 14:58:42","00507000004oSkMAAU","2023-12-01 09:17:17","00507000004oSkMAAU","2023-12-01 09:17:17","","1","test5@digitlearning.ds","0335246383","Consultant"
"a0007000002hTEUAA2","00507000004oSkMAAU","0","Celine trankiem","2023-11-22 14:58:42","00507000004oSkMAAU","2023-12-01 09:19:54","00507000004oSkMAAU","2023-12-01 09:19:54","","1","test6@digitlearning.ds","0335246384","Consultant"
"a0007000002hTEVAA2","00507000004oSkMAAU","0","Sabine trois","2023-11-22 14:58:42","00507000004oSkMAAU","2023-12-01 09:18:22","00507000004oSkMAAU","2023-12-01 09:18:22","","1","test7@digitlearning.ds","0335246385","Professeur"
"a0007000002hTEWAA2","00507000004oSkMAAU","0","Vincent Mariot","2023-11-22 14:58:42","00507000004oSkMAAU","2023-11-22 14:58:42","00507000004oSkMAAU","2023-11-22 14:58:42","","1","test8@digitlearning.ds","0335246386","Developpeur"
"a0007000002hTEXAA2","00507000004oSkMAAU","0","Marie goalec","2023-11-22 14:58:42","00507000004oSkMAAU","2023-12-01 09:17:43","00507000004oSkMAAU","2023-12-01 09:17:43","","1","test9@digitlearning.ds","0335246387","Developpeur"
